<?xml version="1.0" encoding="utf-8"?><soap:Envelope xmlns:soap="http://www.w3.org/2003/05/soap-envelope" xmlns:xsi="http://www.w3.org/2001/XMLSchema-instance" xmlns:xsd="http://www.w3.org/2001/XMLSchema"><soap:Header><FEHeaderInfo xmlns="http://ar.gov.afip.dif.FEV1/"><ambiente>Produccion - Guu</ambiente><fecha>2022-10-11T20:53:57.3644753-03:00</fecha><id>4.6.2.0</id></FEHeaderInfo></soap:Header><soap:Body><FECAESolicitarResponse xmlns="http://ar.gov.afip.dif.FEV1/"><FECAESolicitarResult><FeCabResp><Cuit>20175018841</Cuit><PtoVta>4</PtoVta><CbteTipo>1</CbteTipo><FchProceso>20221011205357</FchProceso><CantReg>1</CantReg><Resultado>A</Resultado><Reproceso>N</Reproceso></FeCabResp><FeDetResp><FECAEDetResponse><Concepto>1</Concepto><DocTipo>80</DocTipo><DocNro>20242112025</DocNro><CbteDesde>6</CbteDesde><CbteHasta>6</CbteHasta><CbteFch>20221011</CbteFch><Resultado>A</Resultado><CAE>72411656972086</CAE><CAEFchVto>20221021</CAEFchVto></FECAEDetResponse></FeDetResp></FECAESolicitarResult></FECAESolicitarResponse></soap:Body></soap:Envelope>
