<?xml version="1.0" encoding="utf-8"?><soap:Envelope xmlns:soap="http://www.w3.org/2003/05/soap-envelope" xmlns:xsi="http://www.w3.org/2001/XMLSchema-instance" xmlns:xsd="http://www.w3.org/2001/XMLSchema"><soap:Header><FEHeaderInfo xmlns="http://ar.gov.afip.dif.FEV1/"><ambiente>HomologacionExterno - efa</ambiente><fecha>2022-05-20T11:04:55.728757-03:00</fecha><id>4.4.4.0</id></FEHeaderInfo></soap:Header><soap:Body><FECAESolicitarResponse xmlns="http://ar.gov.afip.dif.FEV1/"><FECAESolicitarResult><FeCabResp><Cuit>20175018841</Cuit><PtoVta>4</PtoVta><CbteTipo>11</CbteTipo><FchProceso>20220520110455</FchProceso><CantReg>1</CantReg><Resultado>A</Resultado><Reproceso>N</Reproceso></FeCabResp><FeDetResp><FECAEDetResponse><Concepto>1</Concepto><DocTipo>80</DocTipo><DocNro>20242112025</DocNro><CbteDesde>1</CbteDesde><CbteHasta>1</CbteHasta><CbteFch>20220520</CbteFch><Resultado>A</Resultado><CAE>72201006344845</CAE><CAEFchVto>20220530</CAEFchVto></FECAEDetResponse></FeDetResp></FECAESolicitarResult></FECAESolicitarResponse></soap:Body></soap:Envelope>
